"id","title","author","isbn","stock"
101,"The Adventures of Duck and Goose","Sir Quackalot","ISBN-TEST",10
102,"The Return of Duck and Goose","Sir Quackalot","ISBN-TEST",10
103,"More Fun with Duck and Goose","Sir Quackalot","ISBN-TEST",10
104,"Duck and Goose on Holiday","Sir Quackalot","ISBN-TEST",10
105,"The Return of Duck and Goose","Sir Quackalot","ISBN-TEST",10
106,"The Adventures of Duck and Goose","Sir Quackalot","ISBN-TEST",10
107,"My Friend is a Duck","A. Parrot","ISBN-TEST",10
108,"Annotated Notes on the ‘Duck and Goose’ chronicles","Prof Macaw","ISBN-TEST",10
109,"‘Duck and Goose’ Cheat Sheet for Students","Polly Parrot","ISBN-TEST",10
110,"‘Duck and Goose’: an allegory for modern times?","Bor Ing","ISBN-TEST",10
111,"The Adventures of Duck and Goose","Sir Quackalot","ISBN-TEST",10
112,"The Return of Duck and Goose","Sir Quackalot","ISBN-TEST",10
113,"More Fun with Duck and Goose","Sir Quackalot","ISBN-TEST",10
114,"Duck and Goose on Holiday","Sir Quackalot","ISBN-TEST",10
115,"The Return of Duck and Goose","Sir Quackalot","ISBN-TEST",10
116,"The Adventures of Duck and Goose","Sir Quackalot","ISBN-TEST",10
117,"My Friend is a Duck","A. Parrot","ISBN-TEST",10
118,"Annotated Notes on the ‘Duck and Goose’ chronicles","Prof Macaw","ISBN-TEST",10
119,"‘Duck and Goose’ Cheat Sheet for Students","Polly Parrot","ISBN-TEST",10
120,"‘Duck and Goose’: an allegory for modern times?","Bor Ing","ISBN-TEST",10
121,"The Adventures of Duck and Goose","Sir Quackalot","ISBN-TEST",10
122,"The Return of Duck and Goose","Sir Quackalot","ISBN-TEST",10
123,"More Fun with Duck and Goose","Sir Quackalot","ISBN-TEST",10
124,"Duck and Goose on Holiday","Sir Quackalot","ISBN-TEST",10
125,"The Return of Duck and Goose","Sir Quackalot","ISBN-TEST",10
126,"The Adventures of Duck and Goose","Sir Quackalot","ISBN-TEST",10
127,"My Friend is a Duck","A. Parrot","ISBN-TEST",10
128,"Annotated Notes on the ‘Duck and Goose’ chronicles","Prof Macaw","ISBN-TEST",10
129,"‘Duck and Goose’ Cheat Sheet for Students","Polly Parrot","ISBN-TEST",10
130,"‘Duck and Goose’: an allegory for modern times?","Bor Ing","ISBN-TEST",10
131,"The Adventures of Duck and Goose","Sir Quackalot","ISBN-TEST",10
132,"The Return of Duck and Goose","Sir Quackalot","ISBN-TEST",10
133,"More Fun with Duck and Goose","Sir Quackalot","ISBN-TEST",10
134,"Duck and Goose on Holiday","Sir Quackalot","ISBN-TEST",10
135,"The Return of Duck and Goose","Sir Quackalot","ISBN-TEST",10
136,"The Adventures of Duck and Goose","Sir Quackalot","ISBN-TEST",10
137,"My Friend is a Duck","A. Parrot","ISBN-TEST",10
138,"Annotated Notes on the ‘Duck and Goose’ chronicles","Prof Macaw","ISBN-TEST",10
139,"‘Duck and Goose’ Cheat Sheet for Students","Polly Parrot","ISBN-TEST",10
140,"‘Duck and Goose’: an allegory for modern times?","Bor Ing","ISBN-TEST",10
141,"The Adventures of Duck and Goose","Sir Quackalot","ISBN-TEST",10
142,"The Return of Duck and Goose","Sir Quackalot","ISBN-TEST",10
143,"More Fun with Duck and Goose","Sir Quackalot","ISBN-TEST",10
144,"Duck and Goose on Holiday","Sir Quackalot","ISBN-TEST",10
145,"The Return of Duck and Goose","Sir Quackalot","ISBN-TEST",10
146,"The Adventures of Duck and Goose","Sir Quackalot","ISBN-TEST",10
147,"My Friend is a Duck","A. Parrot","ISBN-TEST",10
148,"Annotated Notes on the ‘Duck and Goose’ chronicles","Prof Macaw","ISBN-TEST",10
149,"‘Duck and Goose’ Cheat Sheet for Students","Polly Parrot","ISBN-TEST",10
150,"‘Duck and Goose’: an allegory for modern times?","Bor Ing","ISBN-TEST",10
151,"The Adventures of Duck and Goose","Sir Quackalot","ISBN-TEST",10
152,"The Return of Duck and Goose","Sir Quackalot","ISBN-TEST",10
153,"More Fun with Duck and Goose","Sir Quackalot","ISBN-TEST",10
154,"Duck and Goose on Holiday","Sir Quackalot","ISBN-TEST",10
155,"The Return of Duck and Goose","Sir Quackalot","ISBN-TEST",10
156,"The Adventures of Duck and Goose","Sir Quackalot","ISBN-TEST",10
157,"My Friend is a Duck","A. Parrot","ISBN-TEST",10
158,"Annotated Notes on the ‘Duck and Goose’ chronicles","Prof Macaw","ISBN-TEST",10
159,"‘Duck and Goose’ Cheat Sheet for Students","Polly Parrot","ISBN-TEST",10
160,"‘Duck and Goose’: an allegory for modern times?","Bor Ing","ISBN-TEST",10
161,"The Adventures of Duck and Goose","Sir Quackalot","ISBN-TEST",10
162,"The Return of Duck and Goose","Sir Quackalot","ISBN-TEST",10
163,"More Fun with Duck and Goose","Sir Quackalot","ISBN-TEST",10
164,"Duck and Goose on Holiday","Sir Quackalot","ISBN-TEST",10
165,"The Return of Duck and Goose","Sir Quackalot","ISBN-TEST",10
166,"The Adventures of Duck and Goose","Sir Quackalot","ISBN-TEST",10
167,"My Friend is a Duck","A. Parrot","ISBN-TEST",10
168,"Annotated Notes on the ‘Duck and Goose’ chronicles","Prof Macaw","ISBN-TEST",10
169,"‘Duck and Goose’ Cheat Sheet for Students","Polly Parrot","ISBN-TEST",10
170,"‘Duck and Goose’: an allegory for modern times?","Bor Ing","ISBN-TEST",10
171,"The Adventures of Duck and Goose","Sir Quackalot","ISBN-TEST",10
172,"The Return of Duck and Goose","Sir Quackalot","ISBN-TEST",10
173,"More Fun with Duck and Goose","Sir Quackalot","ISBN-TEST",10
174,"Duck and Goose on Holiday","Sir Quackalot","ISBN-TEST",10
175,"The Return of Duck and Goose","Sir Quackalot","ISBN-TEST",10
176,"The Adventures of Duck and Goose","Sir Quackalot","ISBN-TEST",10
177,"My Friend is a Duck","A. Parrot","ISBN-TEST",10
178,"Annotated Notes on the ‘Duck and Goose’ chronicles","Prof Macaw","ISBN-TEST",10
179,"‘Duck and Goose’ Cheat Sheet for Students","Polly Parrot","ISBN-TEST",10
180,"‘Duck and Goose’: an allegory for modern times?","Bor Ing","ISBN-TEST",10
181,"The Adventures of Duck and Goose","Sir Quackalot","ISBN-TEST",10
182,"The Return of Duck and Goose","Sir Quackalot","ISBN-TEST",10
183,"More Fun with Duck and Goose","Sir Quackalot","ISBN-TEST",10
184,"Duck and Goose on Holiday","Sir Quackalot","ISBN-TEST",10
185,"The Return of Duck and Goose","Sir Quackalot","ISBN-TEST",10
186,"The Adventures of Duck and Goose","Sir Quackalot","ISBN-TEST",10
187,"My Friend is a Duck","A. Parrot","ISBN-TEST",10
188,"Annotated Notes on the ‘Duck and Goose’ chronicles","Prof Macaw","ISBN-TEST",10
189,"‘Duck and Goose’ Cheat Sheet for Students","Polly Parrot","ISBN-TEST",10
190,"‘Duck and Goose’: an allegory for modern times?","Bor Ing","ISBN-TEST",10
191,"The Adventures of Duck and Goose","Sir Quackalot","ISBN-TEST",10
192,"The Return of Duck and Goose","Sir Quackalot","ISBN-TEST",10
193,"More Fun with Duck and Goose","Sir Quackalot","ISBN-TEST",10
194,"Duck and Goose on Holiday","Sir Quackalot","ISBN-TEST",10
195,"The Return of Duck and Goose","Sir Quackalot","ISBN-TEST",10
196,"The Adventures of Duck and Goose","Sir Quackalot","ISBN-TEST",10
197,"My Friend is a Duck","A. Parrot","ISBN-TEST",10
198,"Annotated Notes on the ‘Duck and Goose’ chronicles","Prof Macaw","ISBN-TEST",10
199,"‘Duck and Goose’ Cheat Sheet for Students","Polly Parrot","ISBN-TEST",10
200,"‘Duck and Goose’: an allegory for modern times?","Bor Ing","ISBN-TEST",10
201,"The Adventures of Duck and Goose","Sir Quackalot","ISBN-TEST",10
202,"The Return of Duck and Goose","Sir Quackalot","ISBN-TEST",10
203,"More Fun with Duck and Goose","Sir Quackalot","ISBN-TEST",10
204,"Duck and Goose on Holiday","Sir Quackalot","ISBN-TEST",10
205,"The Return of Duck and Goose","Sir Quackalot","ISBN-TEST",10
206,"The Adventures of Duck and Goose","Sir Quackalot","ISBN-TEST",10
207,"My Friend is a Duck","A. Parrot","ISBN-TEST",10
208,"Annotated Notes on the ‘Duck and Goose’ chronicles","Prof Macaw","ISBN-TEST",10
209,"‘Duck and Goose’ Cheat Sheet for Students","Polly Parrot","ISBN-TEST",10
210,"‘Duck and Goose’: an allegory for modern times?","Bor Ing","ISBN-TEST",10
211,"The Adventures of Duck and Goose","Sir Quackalot","ISBN-TEST",10
212,"The Return of Duck and Goose","Sir Quackalot","ISBN-TEST",10
213,"More Fun with Duck and Goose","Sir Quackalot","ISBN-TEST",10
214,"Duck and Goose on Holiday","Sir Quackalot","ISBN-TEST",10
215,"The Return of Duck and Goose","Sir Quackalot","ISBN-TEST",10
216,"The Adventures of Duck and Goose","Sir Quackalot","ISBN-TEST",10
217,"My Friend is a Duck","A. Parrot","ISBN-TEST",10
218,"Annotated Notes on the ‘Duck and Goose’ chronicles","Prof Macaw","ISBN-TEST",10
219,"‘Duck and Goose’ Cheat Sheet for Students","Polly Parrot","ISBN-TEST",10
220,"‘Duck and Goose’: an allegory for modern times?","Bor Ing","ISBN-TEST",10
221,"The Adventures of Duck and Goose","Sir Quackalot","ISBN-TEST",10
222,"The Return of Duck and Goose","Sir Quackalot","ISBN-TEST",10
223,"More Fun with Duck and Goose","Sir Quackalot","ISBN-TEST",10
224,"Duck and Goose on Holiday","Sir Quackalot","ISBN-TEST",10
225,"The Return of Duck and Goose","Sir Quackalot","ISBN-TEST",10
226,"The Adventures of Duck and Goose","Sir Quackalot","ISBN-TEST",10
227,"My Friend is a Duck","A. Parrot","ISBN-TEST",10
228,"Annotated Notes on the ‘Duck and Goose’ chronicles","Prof Macaw","ISBN-TEST",10
229,"‘Duck and Goose’ Cheat Sheet for Students","Polly Parrot","ISBN-TEST",10
230,"‘Duck and Goose’: an allegory for modern times?","Bor Ing","ISBN-TEST",10
231,"The Adventures of Duck and Goose","Sir Quackalot","ISBN-TEST",10
232,"The Return of Duck and Goose","Sir Quackalot","ISBN-TEST",10
233,"More Fun with Duck and Goose","Sir Quackalot","ISBN-TEST",10
234,"Duck and Goose on Holiday","Sir Quackalot","ISBN-TEST",10
235,"The Return of Duck and Goose","Sir Quackalot","ISBN-TEST",10
236,"The Adventures of Duck and Goose","Sir Quackalot","ISBN-TEST",10
237,"My Friend is a Duck","A. Parrot","ISBN-TEST",10
238,"Annotated Notes on the ‘Duck and Goose’ chronicles","Prof Macaw","ISBN-TEST",10
239,"‘Duck and Goose’ Cheat Sheet for Students","Polly Parrot","ISBN-TEST",10
240,"‘Duck and Goose’: an allegory for modern times?","Bor Ing","ISBN-TEST",10
241,"The Adventures of Duck and Goose","Sir Quackalot","ISBN-TEST",10
242,"The Return of Duck and Goose","Sir Quackalot","ISBN-TEST",10
243,"More Fun with Duck and Goose","Sir Quackalot","ISBN-TEST",10
244,"Duck and Goose on Holiday","Sir Quackalot","ISBN-TEST",10
245,"The Return of Duck and Goose","Sir Quackalot","ISBN-TEST",10
246,"The Adventures of Duck and Goose","Sir Quackalot","ISBN-TEST",10
247,"My Friend is a Duck","A. Parrot","ISBN-TEST",10
248,"Annotated Notes on the ‘Duck and Goose’ chronicles","Prof Macaw","ISBN-TEST",10
249,"‘Duck and Goose’ Cheat Sheet for Students","Polly Parrot","ISBN-TEST",10
250,"‘Duck and Goose’: an allegory for modern times?","Bor Ing","ISBN-TEST",10
251,"The Adventures of Duck and Goose","Sir Quackalot","ISBN-TEST",10
252,"The Return of Duck and Goose","Sir Quackalot","ISBN-TEST",10
253,"More Fun with Duck and Goose","Sir Quackalot","ISBN-TEST",10
254,"Duck and Goose on Holiday","Sir Quackalot","ISBN-TEST",10
255,"The Return of Duck and Goose","Sir Quackalot","ISBN-TEST",10
256,"The Adventures of Duck and Goose","Sir Quackalot","ISBN-TEST",10
257,"My Friend is a Duck","A. Parrot","ISBN-TEST",10
258,"Annotated Notes on the ‘Duck and Goose’ chronicles","Prof Macaw","ISBN-TEST",10
259,"‘Duck and Goose’ Cheat Sheet for Students","Polly Parrot","ISBN-TEST",10
260,"‘Duck and Goose’: an allegory for modern times?","Bor Ing","ISBN-TEST",10
261,"The Adventures of Duck and Goose","Sir Quackalot","ISBN-TEST",10
262,"The Return of Duck and Goose","Sir Quackalot","ISBN-TEST",10
263,"More Fun with Duck and Goose","Sir Quackalot","ISBN-TEST",10
264,"Duck and Goose on Holiday","Sir Quackalot","ISBN-TEST",10
265,"The Return of Duck and Goose","Sir Quackalot","ISBN-TEST",10
266,"The Adventures of Duck and Goose","Sir Quackalot","ISBN-TEST",10
267,"My Friend is a Duck","A. Parrot","ISBN-TEST",10
268,"Annotated Notes on the ‘Duck and Goose’ chronicles","Prof Macaw","ISBN-TEST",10
269,"‘Duck and Goose’ Cheat Sheet for Students","Polly Parrot","ISBN-TEST",10
270,"‘Duck and Goose’: an allegory for modern times?","Bor Ing","ISBN-TEST",10
271,"The Adventures of Duck and Goose","Sir Quackalot","ISBN-TEST",10
272,"The Return of Duck and Goose","Sir Quackalot","ISBN-TEST",10
273,"More Fun with Duck and Goose","Sir Quackalot","ISBN-TEST",10
274,"Duck and Goose on Holiday","Sir Quackalot","ISBN-TEST",10
275,"The Return of Duck and Goose","Sir Quackalot","ISBN-TEST",10
276,"The Adventures of Duck and Goose","Sir Quackalot","ISBN-TEST",10
277,"My Friend is a Duck","A. Parrot","ISBN-TEST",10
278,"Annotated Notes on the ‘Duck and Goose’ chronicles","Prof Macaw","ISBN-TEST",10
279,"‘Duck and Goose’ Cheat Sheet for Students","Polly Parrot","ISBN-TEST",10
280,"‘Duck and Goose’: an allegory for modern times?","Bor Ing","ISBN-TEST",10
281,"The Adventures of Duck and Goose","Sir Quackalot","ISBN-TEST",10
282,"The Return of Duck and Goose","Sir Quackalot","ISBN-TEST",10
283,"More Fun with Duck and Goose","Sir Quackalot","ISBN-TEST",10
284,"Duck and Goose on Holiday","Sir Quackalot","ISBN-TEST",10
285,"The Return of Duck and Goose","Sir Quackalot","ISBN-TEST",10
286,"The Adventures of Duck and Goose","Sir Quackalot","ISBN-TEST",10
287,"My Friend is a Duck","A. Parrot","ISBN-TEST",10
288,"Annotated Notes on the ‘Duck and Goose’ chronicles","Prof Macaw","ISBN-TEST",10
289,"‘Duck and Goose’ Cheat Sheet for Students","Polly Parrot","ISBN-TEST",10
290,"‘Duck and Goose’: an allegory for modern times?","Bor Ing","ISBN-TEST",10
291,"The Adventures of Duck and Goose","Sir Quackalot","ISBN-TEST",10
292,"The Return of Duck and Goose","Sir Quackalot","ISBN-TEST",10
293,"More Fun with Duck and Goose","Sir Quackalot","ISBN-TEST",10
294,"Duck and Goose on Holiday","Sir Quackalot","ISBN-TEST",10
295,"The Return of Duck and Goose","Sir Quackalot","ISBN-TEST",10
296,"The Adventures of Duck and Goose","Sir Quackalot","ISBN-TEST",10
297,"My Friend is a Duck","A. Parrot","ISBN-TEST",10
298,"Annotated Notes on the ‘Duck and Goose’ chronicles","Prof Macaw","ISBN-TEST",10
299,"‘Duck and Goose’ Cheat Sheet for Students","Polly Parrot","ISBN-TEST",10
300,"‘Duck and Goose’: an allegory for modern times?","Bor Ing","ISBN-TEST",10
301,"The Adventures of Duck and Goose","Sir Quackalot","ISBN-TEST",10
302,"The Return of Duck and Goose","Sir Quackalot","ISBN-TEST",10
303,"More Fun with Duck and Goose","Sir Quackalot","ISBN-TEST",10
304,"Duck and Goose on Holiday","Sir Quackalot","ISBN-TEST",10
305,"The Return of Duck and Goose","Sir Quackalot","ISBN-TEST",10
306,"The Adventures of Duck and Goose","Sir Quackalot","ISBN-TEST",10
307,"My Friend is a Duck","A. Parrot","ISBN-TEST",10
308,"Annotated Notes on the ‘Duck and Goose’ chronicles","Prof Macaw","ISBN-TEST",10
309,"‘Duck and Goose’ Cheat Sheet for Students","Polly Parrot","ISBN-TEST",10
310,"‘Duck and Goose’: an allegory for modern times?","Bor Ing","ISBN-TEST",10
311,"The Adventures of Duck and Goose","Sir Quackalot","ISBN-TEST",10
312,"The Return of Duck and Goose","Sir Quackalot","ISBN-TEST",10
313,"More Fun with Duck and Goose","Sir Quackalot","ISBN-TEST",10
314,"Duck and Goose on Holiday","Sir Quackalot","ISBN-TEST",10
315,"The Return of Duck and Goose","Sir Quackalot","ISBN-TEST",10
316,"The Adventures of Duck and Goose","Sir Quackalot","ISBN-TEST",10
317,"My Friend is a Duck","A. Parrot","ISBN-TEST",10
318,"Annotated Notes on the ‘Duck and Goose’ chronicles","Prof Macaw","ISBN-TEST",10
319,"‘Duck and Goose’ Cheat Sheet for Students","Polly Parrot","ISBN-TEST",10
320,"‘Duck and Goose’: an allegory for modern times?","Bor Ing","ISBN-TEST",10
321,"The Adventures of Duck and Goose","Sir Quackalot","ISBN-TEST",10
322,"The Return of Duck and Goose","Sir Quackalot","ISBN-TEST",10
323,"More Fun with Duck and Goose","Sir Quackalot","ISBN-TEST",10
324,"Duck and Goose on Holiday","Sir Quackalot","ISBN-TEST",10
325,"The Return of Duck and Goose","Sir Quackalot","ISBN-TEST",10
326,"The Adventures of Duck and Goose","Sir Quackalot","ISBN-TEST",10
327,"My Friend is a Duck","A. Parrot","ISBN-TEST",10
328,"Annotated Notes on the ‘Duck and Goose’ chronicles","Prof Macaw","ISBN-TEST",10
329,"‘Duck and Goose’ Cheat Sheet for Students","Polly Parrot","ISBN-TEST",10
330,"‘Duck and Goose’: an allegory for modern times?","Bor Ing","ISBN-TEST",10
331,"The Adventures of Duck and Goose","Sir Quackalot","ISBN-TEST",10
332,"The Return of Duck and Goose","Sir Quackalot","ISBN-TEST",10
333,"More Fun with Duck and Goose","Sir Quackalot","ISBN-TEST",10
334,"Duck and Goose on Holiday","Sir Quackalot","ISBN-TEST",10
335,"The Return of Duck and Goose","Sir Quackalot","ISBN-TEST",10
336,"The Adventures of Duck and Goose","Sir Quackalot","ISBN-TEST",10
337,"My Friend is a Duck","A. Parrot","ISBN-TEST",10
338,"Annotated Notes on the ‘Duck and Goose’ chronicles","Prof Macaw","ISBN-TEST",10
339,"‘Duck and Goose’ Cheat Sheet for Students","Polly Parrot","ISBN-TEST",10
340,"‘Duck and Goose’: an allegory for modern times?","Bor Ing","ISBN-TEST",10
341,"The Adventures of Duck and Goose","Sir Quackalot","ISBN-TEST",10
342,"The Return of Duck and Goose","Sir Quackalot","ISBN-TEST",10
343,"More Fun with Duck and Goose","Sir Quackalot","ISBN-TEST",10
344,"Duck and Goose on Holiday","Sir Quackalot","ISBN-TEST",10
345,"The Return of Duck and Goose","Sir Quackalot","ISBN-TEST",10
346,"The Adventures of Duck and Goose","Sir Quackalot","ISBN-TEST",10
347,"My Friend is a Duck","A. Parrot","ISBN-TEST",10
348,"Annotated Notes on the ‘Duck and Goose’ chronicles","Prof Macaw","ISBN-TEST",10
349,"‘Duck and Goose’ Cheat Sheet for Students","Polly Parrot","ISBN-TEST",10
350,"‘Duck and Goose’: an allegory for modern times?","Bor Ing","ISBN-TEST",10
351,"The Adventures of Duck and Goose","Sir Quackalot","ISBN-TEST",10
352,"The Return of Duck and Goose","Sir Quackalot","ISBN-TEST",10
353,"More Fun with Duck and Goose","Sir Quackalot","ISBN-TEST",10
354,"Duck and Goose on Holiday","Sir Quackalot","ISBN-TEST",10
355,"The Return of Duck and Goose","Sir Quackalot","ISBN-TEST",10
356,"The Adventures of Duck and Goose","Sir Quackalot","ISBN-TEST",10
357,"My Friend is a Duck","A. Parrot","ISBN-TEST",10
358,"Annotated Notes on the ‘Duck and Goose’ chronicles","Prof Macaw","ISBN-TEST",10
359,"‘Duck and Goose’ Cheat Sheet for Students","Polly Parrot","ISBN-TEST",10
360,"‘Duck and Goose’: an allegory for modern times?","Bor Ing","ISBN-TEST",10
361,"The Adventures of Duck and Goose","Sir Quackalot","ISBN-TEST",10
362,"The Return of Duck and Goose","Sir Quackalot","ISBN-TEST",10
363,"More Fun with Duck and Goose","Sir Quackalot","ISBN-TEST",10
364,"Duck and Goose on Holiday","Sir Quackalot","ISBN-TEST",10
365,"The Return of Duck and Goose","Sir Quackalot","ISBN-TEST",10
366,"The Adventures of Duck and Goose","Sir Quackalot","ISBN-TEST",10
367,"My Friend is a Duck","A. Parrot","ISBN-TEST",10
368,"Annotated Notes on the ‘Duck and Goose’ chronicles","Prof Macaw","ISBN-TEST",10
369,"‘Duck and Goose’ Cheat Sheet for Students","Polly Parrot","ISBN-TEST",10
370,"‘Duck and Goose’: an allegory for modern times?","Bor Ing","ISBN-TEST",10
371,"The Adventures of Duck and Goose","Sir Quackalot","ISBN-TEST",10
372,"The Return of Duck and Goose","Sir Quackalot","ISBN-TEST",10
373,"More Fun with Duck and Goose","Sir Quackalot","ISBN-TEST",10
374,"Duck and Goose on Holiday","Sir Quackalot","ISBN-TEST",10
375,"The Return of Duck and Goose","Sir Quackalot","ISBN-TEST",10
376,"The Adventures of Duck and Goose","Sir Quackalot","ISBN-TEST",10
377,"My Friend is a Duck","A. Parrot","ISBN-TEST",10
378,"Annotated Notes on the ‘Duck and Goose’ chronicles","Prof Macaw","ISBN-TEST",10
379,"‘Duck and Goose’ Cheat Sheet for Students","Polly Parrot","ISBN-TEST",10
380,"‘Duck and Goose’: an allegory for modern times?","Bor Ing","ISBN-TEST",10
381,"The Adventures of Duck and Goose","Sir Quackalot","ISBN-TEST",10
382,"The Return of Duck and Goose","Sir Quackalot","ISBN-TEST",10
383,"More Fun with Duck and Goose","Sir Quackalot","ISBN-TEST",10
384,"Duck and Goose on Holiday","Sir Quackalot","ISBN-TEST",10
385,"The Return of Duck and Goose","Sir Quackalot","ISBN-TEST",10
386,"The Adventures of Duck and Goose","Sir Quackalot","ISBN-TEST",10
387,"My Friend is a Duck","A. Parrot","ISBN-TEST",10
388,"Annotated Notes on the ‘Duck and Goose’ chronicles","Prof Macaw","ISBN-TEST",10
389,"‘Duck and Goose’ Cheat Sheet for Students","Polly Parrot","ISBN-TEST",10
390,"‘Duck and Goose’: an allegory for modern times?","Bor Ing","ISBN-TEST",10
391,"The Adventures of Duck and Goose","Sir Quackalot","ISBN-TEST",10
392,"The Return of Duck and Goose","Sir Quackalot","ISBN-TEST",10
393,"More Fun with Duck and Goose","Sir Quackalot","ISBN-TEST",10
394,"Duck and Goose on Holiday","Sir Quackalot","ISBN-TEST",10
395,"The Return of Duck and Goose","Sir Quackalot","ISBN-TEST",10
396,"The Adventures of Duck and Goose","Sir Quackalot","ISBN-TEST",10
397,"My Friend is a Duck","A. Parrot","ISBN-TEST",10
398,"Annotated Notes on the ‘Duck and Goose’ chronicles","Prof Macaw","ISBN-TEST",10
399,"‘Duck and Goose’ Cheat Sheet for Students","Polly Parrot","ISBN-TEST",10
400,"‘Duck and Goose’: an allegory for modern times?","Bor Ing","ISBN-TEST",10
401,"The Adventures of Duck and Goose","Sir Quackalot","ISBN-TEST",10
402,"The Return of Duck and Goose","Sir Quackalot","ISBN-TEST",10
403,"More Fun with Duck and Goose","Sir Quackalot","ISBN-TEST",10
404,"Duck and Goose on Holiday","Sir Quackalot","ISBN-TEST",10
405,"The Return of Duck and Goose","Sir Quackalot","ISBN-TEST",10
406,"The Adventures of Duck and Goose","Sir Quackalot","ISBN-TEST",10
407,"My Friend is a Duck","A. Parrot","ISBN-TEST",10
408,"Annotated Notes on the ‘Duck and Goose’ chronicles","Prof Macaw","ISBN-TEST",10
409,"‘Duck and Goose’ Cheat Sheet for Students","Polly Parrot","ISBN-TEST",10
410,"‘Duck and Goose’: an allegory for modern times?","Bor Ing","ISBN-TEST",10
411,"The Adventures of Duck and Goose","Sir Quackalot","ISBN-TEST",10
412,"The Return of Duck and Goose","Sir Quackalot","ISBN-TEST",10
413,"More Fun with Duck and Goose","Sir Quackalot","ISBN-TEST",10
414,"Duck and Goose on Holiday","Sir Quackalot","ISBN-TEST",10
415,"The Return of Duck and Goose","Sir Quackalot","ISBN-TEST",10
416,"The Adventures of Duck and Goose","Sir Quackalot","ISBN-TEST",10
417,"My Friend is a Duck","A. Parrot","ISBN-TEST",10
418,"Annotated Notes on the ‘Duck and Goose’ chronicles","Prof Macaw","ISBN-TEST",10
419,"‘Duck and Goose’ Cheat Sheet for Students","Polly Parrot","ISBN-TEST",10
420,"‘Duck and Goose’: an allegory for modern times?","Bor Ing","ISBN-TEST",10
421,"The Adventures of Duck and Goose","Sir Quackalot","ISBN-TEST",10
422,"The Return of Duck and Goose","Sir Quackalot","ISBN-TEST",10
423,"More Fun with Duck and Goose","Sir Quackalot","ISBN-TEST",10
424,"Duck and Goose on Holiday","Sir Quackalot","ISBN-TEST",10
425,"The Return of Duck and Goose","Sir Quackalot","ISBN-TEST",10
426,"The Adventures of Duck and Goose","Sir Quackalot","ISBN-TEST",10
427,"My Friend is a Duck","A. Parrot","ISBN-TEST",10
428,"Annotated Notes on the ‘Duck and Goose’ chronicles","Prof Macaw","ISBN-TEST",10
429,"‘Duck and Goose’ Cheat Sheet for Students","Polly Parrot","ISBN-TEST",10
430,"‘Duck and Goose’: an allegory for modern times?","Bor Ing","ISBN-TEST",10
431,"The Adventures of Duck and Goose","Sir Quackalot","ISBN-TEST",10
432,"The Return of Duck and Goose","Sir Quackalot","ISBN-TEST",10
433,"More Fun with Duck and Goose","Sir Quackalot","ISBN-TEST",10
434,"Duck and Goose on Holiday","Sir Quackalot","ISBN-TEST",10
435,"The Return of Duck and Goose","Sir Quackalot","ISBN-TEST",10
436,"The Adventures of Duck and Goose","Sir Quackalot","ISBN-TEST",10
437,"My Friend is a Duck","A. Parrot","ISBN-TEST",10
438,"Annotated Notes on the ‘Duck and Goose’ chronicles","Prof Macaw","ISBN-TEST",10
439,"‘Duck and Goose’ Cheat Sheet for Students","Polly Parrot","ISBN-TEST",10
440,"‘Duck and Goose’: an allegory for modern times?","Bor Ing","ISBN-TEST",10
441,"The Adventures of Duck and Goose","Sir Quackalot","ISBN-TEST",10
442,"The Return of Duck and Goose","Sir Quackalot","ISBN-TEST",10
443,"More Fun with Duck and Goose","Sir Quackalot","ISBN-TEST",10
444,"Duck and Goose on Holiday","Sir Quackalot","ISBN-TEST",10
445,"The Return of Duck and Goose","Sir Quackalot","ISBN-TEST",10
446,"The Adventures of Duck and Goose","Sir Quackalot","ISBN-TEST",10
447,"My Friend is a Duck","A. Parrot","ISBN-TEST",10
448,"Annotated Notes on the ‘Duck and Goose’ chronicles","Prof Macaw","ISBN-TEST",10
449,"‘Duck and Goose’ Cheat Sheet for Students","Polly Parrot","ISBN-TEST",10
450,"‘Duck and Goose’: an allegory for modern times?","Bor Ing","ISBN-TEST",10
451,"The Adventures of Duck and Goose","Sir Quackalot","ISBN-TEST",10
452,"The Return of Duck and Goose","Sir Quackalot","ISBN-TEST",10
453,"More Fun with Duck and Goose","Sir Quackalot","ISBN-TEST",10
454,"Duck and Goose on Holiday","Sir Quackalot","ISBN-TEST",10
455,"The Return of Duck and Goose","Sir Quackalot","ISBN-TEST",10
456,"The Adventures of Duck and Goose","Sir Quackalot","ISBN-TEST",10
457,"My Friend is a Duck","A. Parrot","ISBN-TEST",10
458,"Annotated Notes on the ‘Duck and Goose’ chronicles","Prof Macaw","ISBN-TEST",10
459,"‘Duck and Goose’ Cheat Sheet for Students","Polly Parrot","ISBN-TEST",10
460,"‘Duck and Goose’: an allegory for modern times?","Bor Ing","ISBN-TEST",10
461,"The Adventures of Duck and Goose","Sir Quackalot","ISBN-TEST",10
462,"The Return of Duck and Goose","Sir Quackalot","ISBN-TEST",10
463,"More Fun with Duck and Goose","Sir Quackalot","ISBN-TEST",10
464,"Duck and Goose on Holiday","Sir Quackalot","ISBN-TEST",10
465,"The Return of Duck and Goose","Sir Quackalot","ISBN-TEST",10
466,"The Adventures of Duck and Goose","Sir Quackalot","ISBN-TEST",10
467,"My Friend is a Duck","A. Parrot","ISBN-TEST",10
468,"Annotated Notes on the ‘Duck and Goose’ chronicles","Prof Macaw","ISBN-TEST",10
469,"‘Duck and Goose’ Cheat Sheet for Students","Polly Parrot","ISBN-TEST",10
470,"‘Duck and Goose’: an allegory for modern times?","Bor Ing","ISBN-TEST",10
471,"The Adventures of Duck and Goose","Sir Quackalot","ISBN-TEST",10
472,"The Return of Duck and Goose","Sir Quackalot","ISBN-TEST",10
473,"More Fun with Duck and Goose","Sir Quackalot","ISBN-TEST",10
474,"Duck and Goose on Holiday","Sir Quackalot","ISBN-TEST",10
475,"The Return of Duck and Goose","Sir Quackalot","ISBN-TEST",10
476,"The Adventures of Duck and Goose","Sir Quackalot","ISBN-TEST",10
477,"My Friend is a Duck","A. Parrot","ISBN-TEST",10
478,"Annotated Notes on the ‘Duck and Goose’ chronicles","Prof Macaw","ISBN-TEST",10
479,"‘Duck and Goose’ Cheat Sheet for Students","Polly Parrot","ISBN-TEST",10
480,"‘Duck and Goose’: an allegory for modern times?","Bor Ing","ISBN-TEST",10
481,"The Adventures of Duck and Goose","Sir Quackalot","ISBN-TEST",10
482,"The Return of Duck and Goose","Sir Quackalot","ISBN-TEST",10
483,"More Fun with Duck and Goose","Sir Quackalot","ISBN-TEST",10
484,"Duck and Goose on Holiday","Sir Quackalot","ISBN-TEST",10
485,"The Return of Duck and Goose","Sir Quackalot","ISBN-TEST",10
486,"The Adventures of Duck and Goose","Sir Quackalot","ISBN-TEST",10
487,"My Friend is a Duck","A. Parrot","ISBN-TEST",10
488,"Annotated Notes on the ‘Duck and Goose’ chronicles","Prof Macaw","ISBN-TEST",10
489,"‘Duck and Goose’ Cheat Sheet for Students","Polly Parrot","ISBN-TEST",10
490,"‘Duck and Goose’: an allegory for modern times?","Bor Ing","ISBN-TEST",10
491,"The Adventures of Duck and Goose","Sir Quackalot","ISBN-TEST",10
492,"The Return of Duck and Goose","Sir Quackalot","ISBN-TEST",10
493,"More Fun with Duck and Goose","Sir Quackalot","ISBN-TEST",10
494,"Duck and Goose on Holiday","Sir Quackalot","ISBN-TEST",10
495,"The Return of Duck and Goose","Sir Quackalot","ISBN-TEST",10
496,"The Adventures of Duck and Goose","Sir Quackalot","ISBN-TEST",10
497,"My Friend is a Duck","A. Parrot","ISBN-TEST",10
498,"Annotated Notes on the ‘Duck and Goose’ chronicles","Prof Macaw","ISBN-TEST",10
499,"‘Duck and Goose’ Cheat Sheet for Students","Polly Parrot","ISBN-TEST",10
500,"‘Duck and Goose’: an allegory for modern times?","Bor Ing","ISBN-TEST",10
501,"The Adventures of Duck and Goose","Sir Quackalot","ISBN-TEST",10
502,"The Return of Duck and Goose","Sir Quackalot","ISBN-TEST",10
503,"More Fun with Duck and Goose","Sir Quackalot","ISBN-TEST",10
504,"Duck and Goose on Holiday","Sir Quackalot","ISBN-TEST",10
505,"The Return of Duck and Goose","Sir Quackalot","ISBN-TEST",10
506,"The Adventures of Duck and Goose","Sir Quackalot","ISBN-TEST",10
507,"My Friend is a Duck","A. Parrot","ISBN-TEST",10
508,"Annotated Notes on the ‘Duck and Goose’ chronicles","Prof Macaw","ISBN-TEST",10
509,"‘Duck and Goose’ Cheat Sheet for Students","Polly Parrot","ISBN-TEST",10
510,"‘Duck and Goose’: an allegory for modern times?","Bor Ing","ISBN-TEST",10
511,"The Adventures of Duck and Goose","Sir Quackalot","ISBN-TEST",10
512,"The Return of Duck and Goose","Sir Quackalot","ISBN-TEST",10
513,"More Fun with Duck and Goose","Sir Quackalot","ISBN-TEST",10
514,"Duck and Goose on Holiday","Sir Quackalot","ISBN-TEST",10
515,"The Return of Duck and Goose","Sir Quackalot","ISBN-TEST",10
516,"The Adventures of Duck and Goose","Sir Quackalot","ISBN-TEST",10
517,"My Friend is a Duck","A. Parrot","ISBN-TEST",10
518,"Annotated Notes on the ‘Duck and Goose’ chronicles","Prof Macaw","ISBN-TEST",10
519,"‘Duck and Goose’ Cheat Sheet for Students","Polly Parrot","ISBN-TEST",10
520,"‘Duck and Goose’: an allegory for modern times?","Bor Ing","ISBN-TEST",10
521,"The Adventures of Duck and Goose","Sir Quackalot","ISBN-TEST",10
522,"The Return of Duck and Goose","Sir Quackalot","ISBN-TEST",10
523,"More Fun with Duck and Goose","Sir Quackalot","ISBN-TEST",10
524,"Duck and Goose on Holiday","Sir Quackalot","ISBN-TEST",10
525,"The Return of Duck and Goose","Sir Quackalot","ISBN-TEST",10
526,"The Adventures of Duck and Goose","Sir Quackalot","ISBN-TEST",10
527,"My Friend is a Duck","A. Parrot","ISBN-TEST",10
528,"Annotated Notes on the ‘Duck and Goose’ chronicles","Prof Macaw","ISBN-TEST",10
529,"‘Duck and Goose’ Cheat Sheet for Students","Polly Parrot","ISBN-TEST",10
530,"‘Duck and Goose’: an allegory for modern times?","Bor Ing","ISBN-TEST",10
531,"The Adventures of Duck and Goose","Sir Quackalot","ISBN-TEST",10
532,"The Return of Duck and Goose","Sir Quackalot","ISBN-TEST",10
533,"More Fun with Duck and Goose","Sir Quackalot","ISBN-TEST",10
534,"Duck and Goose on Holiday","Sir Quackalot","ISBN-TEST",10
535,"The Return of Duck and Goose","Sir Quackalot","ISBN-TEST",10
536,"The Adventures of Duck and Goose","Sir Quackalot","ISBN-TEST",10
537,"My Friend is a Duck","A. Parrot","ISBN-TEST",10
538,"Annotated Notes on the ‘Duck and Goose’ chronicles","Prof Macaw","ISBN-TEST",10
539,"‘Duck and Goose’ Cheat Sheet for Students","Polly Parrot","ISBN-TEST",10
540,"‘Duck and Goose’: an allegory for modern times?","Bor Ing","ISBN-TEST",10
541,"The Adventures of Duck and Goose","Sir Quackalot","ISBN-TEST",10
542,"The Return of Duck and Goose","Sir Quackalot","ISBN-TEST",10
543,"More Fun with Duck and Goose","Sir Quackalot","ISBN-TEST",10
544,"Duck and Goose on Holiday","Sir Quackalot","ISBN-TEST",10
545,"The Return of Duck and Goose","Sir Quackalot","ISBN-TEST",10
546,"The Adventures of Duck and Goose","Sir Quackalot","ISBN-TEST",10
547,"My Friend is a Duck","A. Parrot","ISBN-TEST",10
548,"Annotated Notes on the ‘Duck and Goose’ chronicles","Prof Macaw","ISBN-TEST",10
549,"‘Duck and Goose’ Cheat Sheet for Students","Polly Parrot","ISBN-TEST",10
550,"‘Duck and Goose’: an allegory for modern times?","Bor Ing","ISBN-TEST",10
551,"The Adventures of Duck and Goose","Sir Quackalot","ISBN-TEST",10
552,"The Return of Duck and Goose","Sir Quackalot","ISBN-TEST",10
553,"More Fun with Duck and Goose","Sir Quackalot","ISBN-TEST",10
554,"Duck and Goose on Holiday","Sir Quackalot","ISBN-TEST",10
555,"The Return of Duck and Goose","Sir Quackalot","ISBN-TEST",10
556,"The Adventures of Duck and Goose","Sir Quackalot","ISBN-TEST",10
557,"My Friend is a Duck","A. Parrot","ISBN-TEST",10
558,"Annotated Notes on the ‘Duck and Goose’ chronicles","Prof Macaw","ISBN-TEST",10
559,"‘Duck and Goose’ Cheat Sheet for Students","Polly Parrot","ISBN-TEST",10
560,"‘Duck and Goose’: an allegory for modern times?","Bor Ing","ISBN-TEST",10
561,"The Adventures of Duck and Goose","Sir Quackalot","ISBN-TEST",10
562,"The Return of Duck and Goose","Sir Quackalot","ISBN-TEST",10
563,"More Fun with Duck and Goose","Sir Quackalot","ISBN-TEST",10
564,"Duck and Goose on Holiday","Sir Quackalot","ISBN-TEST",10
565,"The Return of Duck and Goose","Sir Quackalot","ISBN-TEST",10
566,"The Adventures of Duck and Goose","Sir Quackalot","ISBN-TEST",10
567,"My Friend is a Duck","A. Parrot","ISBN-TEST",10
568,"Annotated Notes on the ‘Duck and Goose’ chronicles","Prof Macaw","ISBN-TEST",10
569,"‘Duck and Goose’ Cheat Sheet for Students","Polly Parrot","ISBN-TEST",10
570,"‘Duck and Goose’: an allegory for modern times?","Bor Ing","ISBN-TEST",10
571,"The Adventures of Duck and Goose","Sir Quackalot","ISBN-TEST",10
572,"The Return of Duck and Goose","Sir Quackalot","ISBN-TEST",10
573,"More Fun with Duck and Goose","Sir Quackalot","ISBN-TEST",10
574,"Duck and Goose on Holiday","Sir Quackalot","ISBN-TEST",10
575,"The Return of Duck and Goose","Sir Quackalot","ISBN-TEST",10
576,"The Adventures of Duck and Goose","Sir Quackalot","ISBN-TEST",10
577,"My Friend is a Duck","A. Parrot","ISBN-TEST",10
578,"Annotated Notes on the ‘Duck and Goose’ chronicles","Prof Macaw","ISBN-TEST",10
579,"‘Duck and Goose’ Cheat Sheet for Students","Polly Parrot","ISBN-TEST",10
580,"‘Duck and Goose’: an allegory for modern times?","Bor Ing","ISBN-TEST",10
581,"The Adventures of Duck and Goose","Sir Quackalot","ISBN-TEST",10
582,"The Return of Duck and Goose","Sir Quackalot","ISBN-TEST",10
583,"More Fun with Duck and Goose","Sir Quackalot","ISBN-TEST",10
584,"Duck and Goose on Holiday","Sir Quackalot","ISBN-TEST",10
585,"The Return of Duck and Goose","Sir Quackalot","ISBN-TEST",10
586,"The Adventures of Duck and Goose","Sir Quackalot","ISBN-TEST",10
587,"My Friend is a Duck","A. Parrot","ISBN-TEST",10
588,"Annotated Notes on the ‘Duck and Goose’ chronicles","Prof Macaw","ISBN-TEST",10
589,"‘Duck and Goose’ Cheat Sheet for Students","Polly Parrot","ISBN-TEST",10
590,"‘Duck and Goose’: an allegory for modern times?","Bor Ing","ISBN-TEST",10
591,"The Adventures of Duck and Goose","Sir Quackalot","ISBN-TEST",10
592,"The Return of Duck and Goose","Sir Quackalot","ISBN-TEST",10
593,"More Fun with Duck and Goose","Sir Quackalot","ISBN-TEST",10
594,"Duck and Goose on Holiday","Sir Quackalot","ISBN-TEST",10
595,"The Return of Duck and Goose","Sir Quackalot","ISBN-TEST",10
596,"The Adventures of Duck and Goose","Sir Quackalot","ISBN-TEST",10
597,"My Friend is a Duck","A. Parrot","ISBN-TEST",10
598,"Annotated Notes on the ‘Duck and Goose’ chronicles","Prof Macaw","ISBN-TEST",10
599,"‘Duck and Goose’ Cheat Sheet for Students","Polly Parrot","ISBN-TEST",10
600,"‘Duck and Goose’: an allegory for modern times?","Bor Ing","ISBN-TEST",10
601,"The Adventures of Duck and Goose","Sir Quackalot","ISBN-TEST",10
602,"Annotated Notes on the ‘Duck and Goose’ chronicles","Prof Macaw","ISBN-TEST",10
603,"‘Duck and Goose’ Cheat Sheet for Students","Polly Parrot","ISBN-TEST",10
604,"‘Duck and Goose’: an allegory for modern times?","Bor Ing","ISBN-TEST",10
605,"The Adventures of Duck and Goose","Sir Quackalot","ISBN-TEST",10
606,"The Return of Duck and Goose","Sir Quackalot","ISBN-TEST",10
607,"More Fun with Duck and Goose","Sir Quackalot","ISBN-TEST",10
608,"Duck and Goose on Holiday","Sir Quackalot","ISBN-TEST",10
609,"The Return of Duck and Goose","Sir Quackalot","ISBN-TEST",10
610,"The Adventures of Duck and Goose","Sir Quackalot","ISBN-TEST",10
611,"My Friend is a Duck","A. Parrot","ISBN-TEST",10
612,"Annotated Notes on the ‘Duck and Goose’ chronicles","Prof Macaw","ISBN-TEST",10
613,"‘Duck and Goose’ Cheat Sheet for Students","Polly Parrot","ISBN-TEST",10
614,"‘Duck and Goose’: an allegory for modern times?","Bor Ing","ISBN-TEST",10
615,"The Adventures of Duck and Goose","Sir Quackalot","ISBN-TEST",10
616,"Annotated Notes on the ‘Duck and Goose’ chronicles","Prof Macaw","ISBN-TEST",10
617,"‘Duck and Goose’ Cheat Sheet for Students","Polly Parrot","ISBN-TEST",10
618,"‘Duck and Goose’: an allegory for modern times?","Bor Ing","ISBN-TEST",10
619,"The Adventures of Duck and Goose","Sir Quackalot","ISBN-TEST",10
620,"The Return of Duck and Goose","Sir Quackalot","ISBN-TEST",10
621,"More Fun with Duck and Goose","Sir Quackalot","ISBN-TEST",10
622,"Duck and Goose on Holiday","Sir Quackalot","ISBN-TEST",10
623,"The Return of Duck and Goose","Sir Quackalot","ISBN-TEST",10
624,"The Adventures of Duck and Goose","Sir Quackalot","ISBN-TEST",10
625,"My Friend is a Duck","A. Parrot","ISBN-TEST",10
626,"Annotated Notes on the ‘Duck and Goose’ chronicles","Prof Macaw","ISBN-TEST",10
627,"‘Duck and Goose’ Cheat Sheet for Students","Polly Parrot","ISBN-TEST",10
628,"‘Duck and Goose’: an allegory for modern times?","Bor Ing","ISBN-TEST",10
629,"The Adventures of Duck and Goose","Sir Quackalot","ISBN-TEST",10
630,"Annotated Notes on the ‘Duck and Goose’ chronicles","Prof Macaw","ISBN-TEST",10
631,"‘Duck and Goose’ Cheat Sheet for Students","Polly Parrot","ISBN-TEST",10
632,"‘Duck and Goose’: an allegory for modern times?","Bor Ing","ISBN-TEST",10
633,"The Adventures of Duck and Goose","Sir Quackalot","ISBN-TEST",10
634,"The Return of Duck and Goose","Sir Quackalot","ISBN-TEST",10
635,"More Fun with Duck and Goose","Sir Quackalot","ISBN-TEST",10
636,"Duck and Goose on Holiday","Sir Quackalot","ISBN-TEST",10
637,"The Return of Duck and Goose","Sir Quackalot","ISBN-TEST",10
638,"The Adventures of Duck and Goose","Sir Quackalot","ISBN-TEST",10
639,"My Friend is a Duck","A. Parrot","ISBN-TEST",10
640,"Annotated Notes on the ‘Duck and Goose’ chronicles","Prof Macaw","ISBN-TEST",10
641,"‘Duck and Goose’ Cheat Sheet for Students","Polly Parrot","ISBN-TEST",10
642,"‘Duck and Goose’: an allegory for modern times?","Bor Ing","ISBN-TEST",10
643,"The Adventures of Duck and Goose","Sir Quackalot","ISBN-TEST",10
644,"Annotated Notes on the ‘Duck and Goose’ chronicles","Prof Macaw","ISBN-TEST",10
645,"‘Duck and Goose’ Cheat Sheet for Students","Polly Parrot","ISBN-TEST",10
646,"‘Duck and Goose’: an allegory for modern times?","Bor Ing","ISBN-TEST",10
647,"The Adventures of Duck and Goose","Sir Quackalot","ISBN-TEST",10
648,"The Return of Duck and Goose","Sir Quackalot","ISBN-TEST",10
649,"More Fun with Duck and Goose","Sir Quackalot","ISBN-TEST",10
650,"Duck and Goose on Holiday","Sir Quackalot","ISBN-TEST",10
651,"The Return of Duck and Goose","Sir Quackalot","ISBN-TEST",10
652,"The Adventures of Duck and Goose","Sir Quackalot","ISBN-TEST",10
653,"My Friend is a Duck","A. Parrot","ISBN-TEST",10
654,"Annotated Notes on the ‘Duck and Goose’ chronicles","Prof Macaw","ISBN-TEST",10
655,"‘Duck and Goose’ Cheat Sheet for Students","Polly Parrot","ISBN-TEST",10
656,"‘Duck and Goose’: an allegory for modern times?","Bor Ing","ISBN-TEST",10
657,"The Adventures of Duck and Goose","Sir Quackalot","ISBN-TEST",10
658,"Annotated Notes on the ‘Duck and Goose’ chronicles","Prof Macaw","ISBN-TEST",10
659,"‘Duck and Goose’ Cheat Sheet for Students","Polly Parrot","ISBN-TEST",10
660,"‘Duck and Goose’: an allegory for modern times?","Bor Ing","ISBN-TEST",10
661,"The Adventures of Duck and Goose","Sir Quackalot","ISBN-TEST",10
662,"The Return of Duck and Goose","Sir Quackalot","ISBN-TEST",10
663,"More Fun with Duck and Goose","Sir Quackalot","ISBN-TEST",10
664,"Duck and Goose on Holiday","Sir Quackalot","ISBN-TEST",10
665,"The Return of Duck and Goose","Sir Quackalot","ISBN-TEST",10
666,"The Adventures of Duck and Goose","Sir Quackalot","ISBN-TEST",10
667,"My Friend is a Duck","A. Parrot","ISBN-TEST",10
668,"Annotated Notes on the ‘Duck and Goose’ chronicles","Prof Macaw","ISBN-TEST",10
669,"‘Duck and Goose’ Cheat Sheet for Students","Polly Parrot","ISBN-TEST",10
670,"‘Duck and Goose’: an allegory for modern times?","Bor Ing","ISBN-TEST",10
671,"The Adventures of Duck and Goose","Sir Quackalot","ISBN-TEST",10
672,"Annotated Notes on the ‘Duck and Goose’ chronicles","Prof Macaw","ISBN-TEST",10
673,"‘Duck and Goose’ Cheat Sheet for Students","Polly Parrot","ISBN-TEST",10
674,"‘Duck and Goose’: an allegory for modern times?","Bor Ing","ISBN-TEST",10
675,"The Adventures of Duck and Goose","Sir Quackalot","ISBN-TEST",10
676,"The Return of Duck and Goose","Sir Quackalot","ISBN-TEST",10
677,"More Fun with Duck and Goose","Sir Quackalot","ISBN-TEST",10
678,"Duck and Goose on Holiday","Sir Quackalot","ISBN-TEST",10
679,"The Return of Duck and Goose","Sir Quackalot","ISBN-TEST",10
680,"The Adventures of Duck and Goose","Sir Quackalot","ISBN-TEST",10
681,"My Friend is a Duck","A. Parrot","ISBN-TEST",10
682,"Annotated Notes on the ‘Duck and Goose’ chronicles","Prof Macaw","ISBN-TEST",10
683,"‘Duck and Goose’ Cheat Sheet for Students","Polly Parrot","ISBN-TEST",10
684,"‘Duck and Goose’: an allegory for modern times?","Bor Ing","ISBN-TEST",10
685,"The Adventures of Duck and Goose","Sir Quackalot","ISBN-TEST",10
686,"Annotated Notes on the ‘Duck and Goose’ chronicles","Prof Macaw","ISBN-TEST",10
687,"‘Duck and Goose’ Cheat Sheet for Students","Polly Parrot","ISBN-TEST",10
688,"‘Duck and Goose’: an allegory for modern times?","Bor Ing","ISBN-TEST",10
689,"The Adventures of Duck and Goose","Sir Quackalot","ISBN-TEST",10
690,"The Return of Duck and Goose","Sir Quackalot","ISBN-TEST",10
691,"More Fun with Duck and Goose","Sir Quackalot","ISBN-TEST",10
692,"Duck and Goose on Holiday","Sir Quackalot","ISBN-TEST",10
693,"The Return of Duck and Goose","Sir Quackalot","ISBN-TEST",10
694,"The Adventures of Duck and Goose","Sir Quackalot","ISBN-TEST",10
695,"My Friend is a Duck","A. Parrot","ISBN-TEST",10
696,"Annotated Notes on the ‘Duck and Goose’ chronicles","Prof Macaw","ISBN-TEST",10
697,"‘Duck and Goose’ Cheat Sheet for Students","Polly Parrot","ISBN-TEST",10
698,"‘Duck and Goose’: an allegory for modern times?","Bor Ing","ISBN-TEST",10
699,"The Adventures of Duck and Goose","Sir Quackalot","ISBN-TEST",10
700,"Annotated Notes on the ‘Duck and Goose’ chronicles","Prof Macaw","ISBN-TEST",10
701,"‘Duck and Goose’ Cheat Sheet for Students","Polly Parrot","ISBN-TEST",10
702,"‘Duck and Goose’: an allegory for modern times?","Bor Ing","ISBN-TEST",10
703,"The Adventures of Duck and Goose","Sir Quackalot","ISBN-TEST",10
704,"The Return of Duck and Goose","Sir Quackalot","ISBN-TEST",10
705,"More Fun with Duck and Goose","Sir Quackalot","ISBN-TEST",10
706,"Duck and Goose on Holiday","Sir Quackalot","ISBN-TEST",10
707,"The Return of Duck and Goose","Sir Quackalot","ISBN-TEST",10
708,"The Adventures of Duck and Goose","Sir Quackalot","ISBN-TEST",10
709,"My Friend is a Duck","A. Parrot","ISBN-TEST",10
710,"Annotated Notes on the ‘Duck and Goose’ chronicles","Prof Macaw","ISBN-TEST",10
711,"‘Duck and Goose’ Cheat Sheet for Students","Polly Parrot","ISBN-TEST",10
712,"‘Duck and Goose’: an allegory for modern times?","Bor Ing","ISBN-TEST",10
713,"The Adventures of Duck and Goose","Sir Quackalot","ISBN-TEST",10
714,"Annotated Notes on the ‘Duck and Goose’ chronicles","Prof Macaw","ISBN-TEST",10
715,"‘Duck and Goose’ Cheat Sheet for Students","Polly Parrot","ISBN-TEST",10
716,"‘Duck and Goose’: an allegory for modern times?","Bor Ing","ISBN-TEST",10
717,"The Adventures of Duck and Goose","Sir Quackalot","ISBN-TEST",10
718,"The Return of Duck and Goose","Sir Quackalot","ISBN-TEST",10
719,"More Fun with Duck and Goose","Sir Quackalot","ISBN-TEST",10
720,"Duck and Goose on Holiday","Sir Quackalot","ISBN-TEST",10
721,"The Return of Duck and Goose","Sir Quackalot","ISBN-TEST",10
722,"The Adventures of Duck and Goose","Sir Quackalot","ISBN-TEST",10
723,"My Friend is a Duck","A. Parrot","ISBN-TEST",10
724,"Annotated Notes on the ‘Duck and Goose’ chronicles","Prof Macaw","ISBN-TEST",10
725,"‘Duck and Goose’ Cheat Sheet for Students","Polly Parrot","ISBN-TEST",10
726,"‘Duck and Goose’: an allegory for modern times?","Bor Ing","ISBN-TEST",10
727,"The Adventures of Duck and Goose","Sir Quackalot","ISBN-TEST",10
728,"Annotated Notes on the ‘Duck and Goose’ chronicles","Prof Macaw","ISBN-TEST",10
729,"‘Duck and Goose’ Cheat Sheet for Students","Polly Parrot","ISBN-TEST",10
730,"‘Duck and Goose’: an allegory for modern times?","Bor Ing","ISBN-TEST",10
731,"The Adventures of Duck and Goose","Sir Quackalot","ISBN-TEST",10
732,"The Return of Duck and Goose","Sir Quackalot","ISBN-TEST",10
733,"More Fun with Duck and Goose","Sir Quackalot","ISBN-TEST",10
734,"Duck and Goose on Holiday","Sir Quackalot","ISBN-TEST",10
735,"The Return of Duck and Goose","Sir Quackalot","ISBN-TEST",10
736,"The Adventures of Duck and Goose","Sir Quackalot","ISBN-TEST",10
737,"My Friend is a Duck","A. Parrot","ISBN-TEST",10
738,"Annotated Notes on the ‘Duck and Goose’ chronicles","Prof Macaw","ISBN-TEST",10
739,"‘Duck and Goose’ Cheat Sheet for Students","Polly Parrot","ISBN-TEST",10
740,"‘Duck and Goose’: an allegory for modern times?","Bor Ing","ISBN-TEST",10
741,"The Adventures of Duck and Goose","Sir Quackalot","ISBN-TEST",10
742,"Annotated Notes on the ‘Duck and Goose’ chronicles","Prof Macaw","ISBN-TEST",10
743,"‘Duck and Goose’ Cheat Sheet for Students","Polly Parrot","ISBN-TEST",10
744,"‘Duck and Goose’: an allegory for modern times?","Bor Ing","ISBN-TEST",10
745,"The Adventures of Duck and Goose","Sir Quackalot","ISBN-TEST",10
746,"The Return of Duck and Goose","Sir Quackalot","ISBN-TEST",10
747,"More Fun with Duck and Goose","Sir Quackalot","ISBN-TEST",10
748,"Duck and Goose on Holiday","Sir Quackalot","ISBN-TEST",10
749,"The Return of Duck and Goose","Sir Quackalot","ISBN-TEST",10
750,"The Adventures of Duck and Goose","Sir Quackalot","ISBN-TEST",10
751,"My Friend is a Duck","A. Parrot","ISBN-TEST",10
752,"Annotated Notes on the ‘Duck and Goose’ chronicles","Prof Macaw","ISBN-TEST",10
753,"‘Duck and Goose’ Cheat Sheet for Students","Polly Parrot","ISBN-TEST",10
754,"‘Duck and Goose’: an allegory for modern times?","Bor Ing","ISBN-TEST",10
755,"The Adventures of Duck and Goose","Sir Quackalot","ISBN-TEST",10
756,"Annotated Notes on the ‘Duck and Goose’ chronicles","Prof Macaw","ISBN-TEST",10
757,"‘Duck and Goose’ Cheat Sheet for Students","Polly Parrot","ISBN-TEST",10
758,"‘Duck and Goose’: an allegory for modern times?","Bor Ing","ISBN-TEST",10
759,"The Adventures of Duck and Goose","Sir Quackalot","ISBN-TEST",10
760,"The Return of Duck and Goose","Sir Quackalot","ISBN-TEST",10
761,"More Fun with Duck and Goose","Sir Quackalot","ISBN-TEST",10
762,"Duck and Goose on Holiday","Sir Quackalot","ISBN-TEST",10
763,"The Return of Duck and Goose","Sir Quackalot","ISBN-TEST",10
764,"The Adventures of Duck and Goose","Sir Quackalot","ISBN-TEST",10
765,"My Friend is a Duck","A. Parrot","ISBN-TEST",10
766,"Annotated Notes on the ‘Duck and Goose’ chronicles","Prof Macaw","ISBN-TEST",10
767,"‘Duck and Goose’ Cheat Sheet for Students","Polly Parrot","ISBN-TEST",10
768,"‘Duck and Goose’: an allegory for modern times?","Bor Ing","ISBN-TEST",10
769,"The Adventures of Duck and Goose","Sir Quackalot","ISBN-TEST",10
770,"Annotated Notes on the ‘Duck and Goose’ chronicles","Prof Macaw","ISBN-TEST",10
771,"‘Duck and Goose’ Cheat Sheet for Students","Polly Parrot","ISBN-TEST",10
772,"‘Duck and Goose’: an allegory for modern times?","Bor Ing","ISBN-TEST",10
773,"The Adventures of Duck and Goose","Sir Quackalot","ISBN-TEST",10
774,"The Return of Duck and Goose","Sir Quackalot","ISBN-TEST",10
775,"More Fun with Duck and Goose","Sir Quackalot","ISBN-TEST",10
776,"Duck and Goose on Holiday","Sir Quackalot","ISBN-TEST",10
777,"The Return of Duck and Goose","Sir Quackalot","ISBN-TEST",10
778,"The Adventures of Duck and Goose","Sir Quackalot","ISBN-TEST",10
779,"My Friend is a Duck","A. Parrot","ISBN-TEST",10
780,"Annotated Notes on the ‘Duck and Goose’ chronicles","Prof Macaw","ISBN-TEST",10
781,"‘Duck and Goose’ Cheat Sheet for Students","Polly Parrot","ISBN-TEST",10
782,"‘Duck and Goose’: an allegory for modern times?","Bor Ing","ISBN-TEST",10
783,"The Adventures of Duck and Goose","Sir Quackalot","ISBN-TEST",10
784,"Annotated Notes on the ‘Duck and Goose’ chronicles","Prof Macaw","ISBN-TEST",10
785,"‘Duck and Goose’ Cheat Sheet for Students","Polly Parrot","ISBN-TEST",10
786,"‘Duck and Goose’: an allegory for modern times?","Bor Ing","ISBN-TEST",10
787,"The Adventures of Duck and Goose","Sir Quackalot","ISBN-TEST",10
788,"The Return of Duck and Goose","Sir Quackalot","ISBN-TEST",10
789,"More Fun with Duck and Goose","Sir Quackalot","ISBN-TEST",10
790,"Duck and Goose on Holiday","Sir Quackalot","ISBN-TEST",10
791,"The Return of Duck and Goose","Sir Quackalot","ISBN-TEST",10
792,"The Adventures of Duck and Goose","Sir Quackalot","ISBN-TEST",10
793,"My Friend is a Duck","A. Parrot","ISBN-TEST",10
794,"Annotated Notes on the ‘Duck and Goose’ chronicles","Prof Macaw","ISBN-TEST",10
795,"‘Duck and Goose’ Cheat Sheet for Students","Polly Parrot","ISBN-TEST",10
796,"‘Duck and Goose’: an allegory for modern times?","Bor Ing","ISBN-TEST",10
797,"The Adventures of Duck and Goose","Sir Quackalot","ISBN-TEST",10
798,"Annotated Notes on the ‘Duck and Goose’ chronicles","Prof Macaw","ISBN-TEST",10
799,"‘Duck and Goose’ Cheat Sheet for Students","Polly Parrot","ISBN-TEST",10
800,"‘Duck and Goose’: an allegory for modern times?","Bor Ing","ISBN-TEST",10
801,"The Adventures of Duck and Goose","Sir Quackalot","ISBN-TEST",10
802,"The Return of Duck and Goose","Sir Quackalot","ISBN-TEST",10
803,"More Fun with Duck and Goose","Sir Quackalot","ISBN-TEST",10
804,"Duck and Goose on Holiday","Sir Quackalot","ISBN-TEST",10
805,"The Return of Duck and Goose","Sir Quackalot","ISBN-TEST",10
806,"The Adventures of Duck and Goose","Sir Quackalot","ISBN-TEST",10
807,"My Friend is a Duck","A. Parrot","ISBN-TEST",10
808,"Annotated Notes on the ‘Duck and Goose’ chronicles","Prof Macaw","ISBN-TEST",10
809,"‘Duck and Goose’ Cheat Sheet for Students","Polly Parrot","ISBN-TEST",10
810,"‘Duck and Goose’: an allegory for modern times?","Bor Ing","ISBN-TEST",10
811,"The Adventures of Duck and Goose","Sir Quackalot","ISBN-TEST",10
812,"Annotated Notes on the ‘Duck and Goose’ chronicles","Prof Macaw","ISBN-TEST",10
813,"‘Duck and Goose’ Cheat Sheet for Students","Polly Parrot","ISBN-TEST",10
814,"‘Duck and Goose’: an allegory for modern times?","Bor Ing","ISBN-TEST",10
815,"The Adventures of Duck and Goose","Sir Quackalot","ISBN-TEST",10
816,"The Return of Duck and Goose","Sir Quackalot","ISBN-TEST",10
817,"More Fun with Duck and Goose","Sir Quackalot","ISBN-TEST",10
818,"Duck and Goose on Holiday","Sir Quackalot","ISBN-TEST",10
819,"The Return of Duck and Goose","Sir Quackalot","ISBN-TEST",10
820,"The Adventures of Duck and Goose","Sir Quackalot","ISBN-TEST",10
821,"My Friend is a Duck","A. Parrot","ISBN-TEST",10
822,"Annotated Notes on the ‘Duck and Goose’ chronicles","Prof Macaw","ISBN-TEST",10
823,"‘Duck and Goose’ Cheat Sheet for Students","Polly Parrot","ISBN-TEST",10
824,"‘Duck and Goose’: an allegory for modern times?","Bor Ing","ISBN-TEST",10
825,"The Adventures of Duck and Goose","Sir Quackalot","ISBN-TEST",10
826,"Annotated Notes on the ‘Duck and Goose’ chronicles","Prof Macaw","ISBN-TEST",10
827,"‘Duck and Goose’ Cheat Sheet for Students","Polly Parrot","ISBN-TEST",10
828,"‘Duck and Goose’: an allegory for modern times?","Bor Ing","ISBN-TEST",10
829,"The Adventures of Duck and Goose","Sir Quackalot","ISBN-TEST",10
830,"The Return of Duck and Goose","Sir Quackalot","ISBN-TEST",10
831,"More Fun with Duck and Goose","Sir Quackalot","ISBN-TEST",10
832,"Duck and Goose on Holiday","Sir Quackalot","ISBN-TEST",10
833,"The Return of Duck and Goose","Sir Quackalot","ISBN-TEST",10
834,"The Adventures of Duck and Goose","Sir Quackalot","ISBN-TEST",10
835,"My Friend is a Duck","A. Parrot","ISBN-TEST",10
836,"Annotated Notes on the ‘Duck and Goose’ chronicles","Prof Macaw","ISBN-TEST",10
837,"‘Duck and Goose’ Cheat Sheet for Students","Polly Parrot","ISBN-TEST",10
838,"‘Duck and Goose’: an allegory for modern times?","Bor Ing","ISBN-TEST",10
839,"The Adventures of Duck and Goose","Sir Quackalot","ISBN-TEST",10
840,"Annotated Notes on the ‘Duck and Goose’ chronicles","Prof Macaw","ISBN-TEST",10
841,"‘Duck and Goose’ Cheat Sheet for Students","Polly Parrot","ISBN-TEST",10
842,"‘Duck and Goose’: an allegory for modern times?","Bor Ing","ISBN-TEST",10
843,"The Adventures of Duck and Goose","Sir Quackalot","ISBN-TEST",10
844,"The Return of Duck and Goose","Sir Quackalot","ISBN-TEST",10
845,"More Fun with Duck and Goose","Sir Quackalot","ISBN-TEST",10
846,"Duck and Goose on Holiday","Sir Quackalot","ISBN-TEST",10
847,"The Return of Duck and Goose","Sir Quackalot","ISBN-TEST",10
848,"The Adventures of Duck and Goose","Sir Quackalot","ISBN-TEST",10
849,"My Friend is a Duck","A. Parrot","ISBN-TEST",10
850,"Annotated Notes on the ‘Duck and Goose’ chronicles","Prof Macaw","ISBN-TEST",10
851,"‘Duck and Goose’ Cheat Sheet for Students","Polly Parrot","ISBN-TEST",10
852,"‘Duck and Goose’: an allegory for modern times?","Bor Ing","ISBN-TEST",10
853,"The Adventures of Duck and Goose","Sir Quackalot","ISBN-TEST",10
854,"Annotated Notes on the ‘Duck and Goose’ chronicles","Prof Macaw","ISBN-TEST",10
855,"‘Duck and Goose’ Cheat Sheet for Students","Polly Parrot","ISBN-TEST",10
856,"‘Duck and Goose’: an allegory for modern times?","Bor Ing","ISBN-TEST",10
857,"The Adventures of Duck and Goose","Sir Quackalot","ISBN-TEST",10
858,"The Return of Duck and Goose","Sir Quackalot","ISBN-TEST",10
859,"More Fun with Duck and Goose","Sir Quackalot","ISBN-TEST",10
860,"Duck and Goose on Holiday","Sir Quackalot","ISBN-TEST",10
861,"The Return of Duck and Goose","Sir Quackalot","ISBN-TEST",10
862,"The Adventures of Duck and Goose","Sir Quackalot","ISBN-TEST",10
863,"My Friend is a Duck","A. Parrot","ISBN-TEST",10
864,"Annotated Notes on the ‘Duck and Goose’ chronicles","Prof Macaw","ISBN-TEST",10
865,"‘Duck and Goose’ Cheat Sheet for Students","Polly Parrot","ISBN-TEST",10
866,"‘Duck and Goose’: an allegory for modern times?","Bor Ing","ISBN-TEST",10
867,"The Adventures of Duck and Goose","Sir Quackalot","ISBN-TEST",10
868,"Annotated Notes on the ‘Duck and Goose’ chronicles","Prof Macaw","ISBN-TEST",10
869,"‘Duck and Goose’ Cheat Sheet for Students","Polly Parrot","ISBN-TEST",10
870,"‘Duck and Goose’: an allegory for modern times?","Bor Ing","ISBN-TEST",10
871,"The Adventures of Duck and Goose","Sir Quackalot","ISBN-TEST",10
872,"The Return of Duck and Goose","Sir Quackalot","ISBN-TEST",10
873,"More Fun with Duck and Goose","Sir Quackalot","ISBN-TEST",10
874,"Duck and Goose on Holiday","Sir Quackalot","ISBN-TEST",10
875,"The Return of Duck and Goose","Sir Quackalot","ISBN-TEST",10
876,"The Adventures of Duck and Goose","Sir Quackalot","ISBN-TEST",10
877,"My Friend is a Duck","A. Parrot","ISBN-TEST",10
878,"Annotated Notes on the ‘Duck and Goose’ chronicles","Prof Macaw","ISBN-TEST",10
879,"‘Duck and Goose’ Cheat Sheet for Students","Polly Parrot","ISBN-TEST",10
880,"‘Duck and Goose’: an allegory for modern times?","Bor Ing","ISBN-TEST",10
881,"The Adventures of Duck and Goose","Sir Quackalot","ISBN-TEST",10
882,"Annotated Notes on the ‘Duck and Goose’ chronicles","Prof Macaw","ISBN-TEST",10
883,"‘Duck and Goose’ Cheat Sheet for Students","Polly Parrot","ISBN-TEST",10
884,"‘Duck and Goose’: an allegory for modern times?","Bor Ing","ISBN-TEST",10
885,"The Adventures of Duck and Goose","Sir Quackalot","ISBN-TEST",10
886,"The Return of Duck and Goose","Sir Quackalot","ISBN-TEST",10
887,"More Fun with Duck and Goose","Sir Quackalot","ISBN-TEST",10
888,"Duck and Goose on Holiday","Sir Quackalot","ISBN-TEST",10
889,"The Return of Duck and Goose","Sir Quackalot","ISBN-TEST",10
890,"The Adventures of Duck and Goose","Sir Quackalot","ISBN-TEST",10
891,"My Friend is a Duck","A. Parrot","ISBN-TEST",10
892,"Annotated Notes on the ‘Duck and Goose’ chronicles","Prof Macaw","ISBN-TEST",10
893,"‘Duck and Goose’ Cheat Sheet for Students","Polly Parrot","ISBN-TEST",10
894,"‘Duck and Goose’: an allegory for modern times?","Bor Ing","ISBN-TEST",10
895,"The Adventures of Duck and Goose","Sir Quackalot","ISBN-TEST",10
896,"Annotated Notes on the ‘Duck and Goose’ chronicles","Prof Macaw","ISBN-TEST",10
897,"‘Duck and Goose’ Cheat Sheet for Students","Polly Parrot","ISBN-TEST",10
898,"‘Duck and Goose’: an allegory for modern times?","Bor Ing","ISBN-TEST",10
899,"The Adventures of Duck and Goose","Sir Quackalot","ISBN-TEST",10
900,"The Return of Duck and Goose","Sir Quackalot","ISBN-TEST",10
901,"More Fun with Duck and Goose","Sir Quackalot","ISBN-TEST",10
902,"Duck and Goose on Holiday","Sir Quackalot","ISBN-TEST",10
903,"The Return of Duck and Goose","Sir Quackalot","ISBN-TEST",10
904,"The Adventures of Duck and Goose","Sir Quackalot","ISBN-TEST",10
905,"My Friend is a Duck","A. Parrot","ISBN-TEST",10
906,"Annotated Notes on the ‘Duck and Goose’ chronicles","Prof Macaw","ISBN-TEST",10
907,"‘Duck and Goose’ Cheat Sheet for Students","Polly Parrot","ISBN-TEST",10
908,"‘Duck and Goose’: an allegory for modern times?","Bor Ing","ISBN-TEST",10
909,"The Adventures of Duck and Goose","Sir Quackalot","ISBN-TEST",10
910,"Annotated Notes on the ‘Duck and Goose’ chronicles","Prof Macaw","ISBN-TEST",10
911,"‘Duck and Goose’ Cheat Sheet for Students","Polly Parrot","ISBN-TEST",10
912,"‘Duck and Goose’: an allegory for modern times?","Bor Ing","ISBN-TEST",10
913,"The Adventures of Duck and Goose","Sir Quackalot","ISBN-TEST",10
914,"The Return of Duck and Goose","Sir Quackalot","ISBN-TEST",10
915,"More Fun with Duck and Goose","Sir Quackalot","ISBN-TEST",10
916,"Duck and Goose on Holiday","Sir Quackalot","ISBN-TEST",10
917,"The Return of Duck and Goose","Sir Quackalot","ISBN-TEST",10
918,"The Adventures of Duck and Goose","Sir Quackalot","ISBN-TEST",10
919,"My Friend is a Duck","A. Parrot","ISBN-TEST",10
920,"Annotated Notes on the ‘Duck and Goose’ chronicles","Prof Macaw","ISBN-TEST",10
921,"‘Duck and Goose’ Cheat Sheet for Students","Polly Parrot","ISBN-TEST",10
922,"‘Duck and Goose’: an allegory for modern times?","Bor Ing","ISBN-TEST",10
923,"The Adventures of Duck and Goose","Sir Quackalot","ISBN-TEST",10
924,"Annotated Notes on the ‘Duck and Goose’ chronicles","Prof Macaw","ISBN-TEST",10
925,"‘Duck and Goose’ Cheat Sheet for Students","Polly Parrot","ISBN-TEST",10
926,"‘Duck and Goose’: an allegory for modern times?","Bor Ing","ISBN-TEST",10
927,"The Adventures of Duck and Goose","Sir Quackalot","ISBN-TEST",10
928,"The Return of Duck and Goose","Sir Quackalot","ISBN-TEST",10
929,"More Fun with Duck and Goose","Sir Quackalot","ISBN-TEST",10
930,"Duck and Goose on Holiday","Sir Quackalot","ISBN-TEST",10
931,"The Return of Duck and Goose","Sir Quackalot","ISBN-TEST",10
932,"The Adventures of Duck and Goose","Sir Quackalot","ISBN-TEST",10
933,"My Friend is a Duck","A. Parrot","ISBN-TEST",10
934,"Annotated Notes on the ‘Duck and Goose’ chronicles","Prof Macaw","ISBN-TEST",10
935,"‘Duck and Goose’ Cheat Sheet for Students","Polly Parrot","ISBN-TEST",10
936,"‘Duck and Goose’: an allegory for modern times?","Bor Ing","ISBN-TEST",10
937,"The Adventures of Duck and Goose","Sir Quackalot","ISBN-TEST",10
938,"Annotated Notes on the ‘Duck and Goose’ chronicles","Prof Macaw","ISBN-TEST",10
939,"‘Duck and Goose’ Cheat Sheet for Students","Polly Parrot","ISBN-TEST",10
940,"‘Duck and Goose’: an allegory for modern times?","Bor Ing","ISBN-TEST",10
941,"The Adventures of Duck and Goose","Sir Quackalot","ISBN-TEST",10
942,"The Return of Duck and Goose","Sir Quackalot","ISBN-TEST",10
943,"More Fun with Duck and Goose","Sir Quackalot","ISBN-TEST",10
944,"Duck and Goose on Holiday","Sir Quackalot","ISBN-TEST",10
945,"The Return of Duck and Goose","Sir Quackalot","ISBN-TEST",10
946,"The Adventures of Duck and Goose","Sir Quackalot","ISBN-TEST",10
947,"My Friend is a Duck","A. Parrot","ISBN-TEST",10
948,"Annotated Notes on the ‘Duck and Goose’ chronicles","Prof Macaw","ISBN-TEST",10
949,"‘Duck and Goose’ Cheat Sheet for Students","Polly Parrot","ISBN-TEST",10
950,"‘Duck and Goose’: an allegory for modern times?","Bor Ing","ISBN-TEST",10
951,"The Adventures of Duck and Goose","Sir Quackalot","ISBN-TEST",10
952,"Annotated Notes on the ‘Duck and Goose’ chronicles","Prof Macaw","ISBN-TEST",10
953,"‘Duck and Goose’ Cheat Sheet for Students","Polly Parrot","ISBN-TEST",10
954,"‘Duck and Goose’: an allegory for modern times?","Bor Ing","ISBN-TEST",10
955,"The Adventures of Duck and Goose","Sir Quackalot","ISBN-TEST",10
956,"The Return of Duck and Goose","Sir Quackalot","ISBN-TEST",10
957,"More Fun with Duck and Goose","Sir Quackalot","ISBN-TEST",10
958,"Duck and Goose on Holiday","Sir Quackalot","ISBN-TEST",10
959,"The Return of Duck and Goose","Sir Quackalot","ISBN-TEST",10
960,"The Adventures of Duck and Goose","Sir Quackalot","ISBN-TEST",10
961,"My Friend is a Duck","A. Parrot","ISBN-TEST",10
962,"Annotated Notes on the ‘Duck and Goose’ chronicles","Prof Macaw","ISBN-TEST",10
963,"‘Duck and Goose’ Cheat Sheet for Students","Polly Parrot","ISBN-TEST",10
964,"‘Duck and Goose’: an allegory for modern times?","Bor Ing","ISBN-TEST",10
965,"The Adventures of Duck and Goose","Sir Quackalot","ISBN-TEST",10
966,"Annotated Notes on the ‘Duck and Goose’ chronicles","Prof Macaw","ISBN-TEST",10
967,"‘Duck and Goose’ Cheat Sheet for Students","Polly Parrot","ISBN-TEST",10
968,"‘Duck and Goose’: an allegory for modern times?","Bor Ing","ISBN-TEST",10
969,"The Adventures of Duck and Goose","Sir Quackalot","ISBN-TEST",10
970,"The Return of Duck and Goose","Sir Quackalot","ISBN-TEST",10
971,"More Fun with Duck and Goose","Sir Quackalot","ISBN-TEST",10
972,"Duck and Goose on Holiday","Sir Quackalot","ISBN-TEST",10
973,"The Return of Duck and Goose","Sir Quackalot","ISBN-TEST",10
974,"The Adventures of Duck and Goose","Sir Quackalot","ISBN-TEST",10
975,"My Friend is a Duck","A. Parrot","ISBN-TEST",10
976,"Annotated Notes on the ‘Duck and Goose’ chronicles","Prof Macaw","ISBN-TEST",10
977,"‘Duck and Goose’ Cheat Sheet for Students","Polly Parrot","ISBN-TEST",10
978,"‘Duck and Goose’: an allegory for modern times?","Bor Ing","ISBN-TEST",10
979,"The Adventures of Duck and Goose","Sir Quackalot","ISBN-TEST",10
980,"Annotated Notes on the ‘Duck and Goose’ chronicles","Prof Macaw","ISBN-TEST",10
981,"‘Duck and Goose’ Cheat Sheet for Students","Polly Parrot","ISBN-TEST",10
982,"‘Duck and Goose’: an allegory for modern times?","Bor Ing","ISBN-TEST",10
983,"The Adventures of Duck and Goose","Sir Quackalot","ISBN-TEST",10
984,"The Return of Duck and Goose","Sir Quackalot","ISBN-TEST",10
985,"More Fun with Duck and Goose","Sir Quackalot","ISBN-TEST",10
986,"Duck and Goose on Holiday","Sir Quackalot","ISBN-TEST",10
987,"The Return of Duck and Goose","Sir Quackalot","ISBN-TEST",10
988,"The Adventures of Duck and Goose","Sir Quackalot","ISBN-TEST",10
989,"My Friend is a Duck","A. Parrot","ISBN-TEST",10
990,"Annotated Notes on the ‘Duck and Goose’ chronicles","Prof Macaw","ISBN-TEST",10
991,"‘Duck and Goose’ Cheat Sheet for Students","Polly Parrot","ISBN-TEST",10
992,"‘Duck and Goose’: an allegory for modern times?","Bor Ing","ISBN-TEST",10
993,"The Adventures of Duck and Goose","Sir Quackalot","ISBN-TEST",10
994,"Annotated Notes on the ‘Duck and Goose’ chronicles","Prof Macaw","ISBN-TEST",10
995,"‘Duck and Goose’ Cheat Sheet for Students","Polly Parrot","ISBN-TEST",10
996,"‘Duck and Goose’: an allegory for modern times?","Bor Ing","ISBN-TEST",10
997,"The Adventures of Duck and Goose","Sir Quackalot","ISBN-TEST",10
998,"The Return of Duck and Goose","Sir Quackalot","ISBN-TEST",10
999,"More Fun with Duck and Goose","Sir Quackalot","ISBN-TEST",10
1000,"Duck and Goose on Holiday","Sir Quackalot","ISBN-TEST",10
